set search_path to fb;

-- Наполнение таблицы trainers (тренеры)
insert into trainers (trainer_id, name, nationality, salary) values
(1, 'Ханси Флик', 'Германия', 58000),
(2, 'Денис Абышев', 'Россия', 48000),
(3, 'Карло Анчелотти', 'Италия', 1040000),
(4, 'Деян Станкович', 'Сербия', 2000000),
(5, 'Владимир Федотов', 'Россия', 1400000),
(6, 'Шота Меликидзе', 'Грузия', 60000),
(7, 'Арне Слот', 'Нидерланды', 1550000),
(8, 'Луис Энрике', 'Испания', 1850000),
(9, 'Пеп Гвардиола', 'Испания', 55000),
(10, 'Сергей Семак', 'Россия', 1400000),
(11, 'Валерий Карпин', 'Россия', 1750000),
(12, 'Рубен Аморим', 'Португалия', 1300000),
(13, 'Марцел Личка', 'Чехия', 1350000),
(14, 'Владимир Ивич', 'Сербия', 1250000),
(15, 'Рашид Рахимов', 'Россия', 1650000),
(16, 'Валентин Спивак', 'Россия', 60000),
(17, 'Алексей Мишин', 'Россия', 50000);

-- Наполнение таблицы stadiums (стадионы)
insert into fb.stadiums (stadium_id, name, city, capacity) values
(1, 'Камп Ноу', 'Барселона', 99354),
(2, 'Центральный', 'Тюмень', 13000),
(3, 'Сантьяго Бернабеу', 'Мадрид', 81044),
(4, 'Лужники', 'Москва', 81000),
(5, 'Коробка', 'Долгопрудный', 5000),
(6, 'Энфилд', 'Ливерпуль', 53394),
(7, 'Салют', 'Долгопрудный', 3000),
(8, 'Геолог', 'Тюмень', 11000),
(9, 'Парк де Пренс', 'Париж', 47929),
(10, 'Этихад', 'Манчестер', 53400),
(11, 'ВЭБ Арена', 'Москва', 30457),
(12, 'Строймаш', 'Тюмень', 4000),
(13, 'Газпром Арена', 'Санкт-Петербург', 68000),
(14, 'Стадион Краснодар', 'Краснодар', 36000),
(15, 'Казань Арена', 'Казань', 45000);

-- Наполнение таблицы teams (команды)
insert into teams (team_id, name, city, trainer_id, stadium_id) values
(1, 'Барселона', 'Барселона', 1, 1),
(2, 'МФК Тюмень', 'Тюмень', 2, 2),
(3, 'Реал', 'Мадрид', 3, 3),
(4, 'Спартак', 'Москва', 4, 4),
(5, 'ЦСКА', 'Москва', 5, 4),
(6, 'ФК Машина', 'Долгопрудный', 6, 5),
(7, 'Ливерпуль', 'Ливерпуль', 7, 6),
(8, 'ПСЖ', 'Париж', 8, 9),
(9, 'Манчестер Сити', 'Манчестер', 9, 10),
(10, 'Зенит', 'Санкт-Петербург', 10, 13),
(11, 'Ростов', 'Ростов-на-Дону', 11, 14),
(12, 'Манчестер Юнайтед', 'Манчестер', 12, 10),
(13, 'Динамо', 'Москва', 13, 4),
(14, 'Краснодар', 'Краснодар', 14, 14),
(15, 'Рубин', 'Казань', 15, 15);

-- Наполнение таблицы players (игроки)
insert into fb.players (player_id, name, nationality, salary, date_of_birth) values
(1, 'Кузнецов Андрей', 'Россия', 300000, '2004-12-31'),
(2, 'Евсеев Александр', 'Россия', 150000, '2005-08-15'),
(3, 'Аркуш Никита', 'Россия', 299999, NULL),
(4, 'Винисиус Джуниор', 'Бразилия', 2000000, '2000-07-12'),
(5, 'Ламин Ямаль', 'Испания', 1800000, '2007-07-13'),
(6, 'Эрлинг Холланд', 'Норвегия', 2100000, '2000-07-21'),
(7, 'Лионель Месси', 'Аргентина', 3000000, '1987-06-24'),
(8, 'Килиан Мбаппе', 'Франция', 2300000, '1998-12-20'),
(9, 'Антошкин Артем', 'Россия', 5000000, '1993-12-17'),
(10, 'Милованов Иван', 'Россия', 4000000, '1989-02-08'),
(11, 'Дзюба Артем', 'Россия', 1200000, '1988-08-22'),
(12, 'Промес Квинси', 'Нидерланды', 1500000, '1992-01-04'),
(13, 'Мохамед Салах', 'Египет', 1800000, '1992-06-15'),
(14, 'Карим Бензема', 'Франция', 2000000, '1987-12-19'),
(15, 'Бруно Фернандеш', 'Португалия', 1600000, '1994-09-08');

-- Наполнение таблицы matches (матчи)
insert into fb.matches (match_id, home_team_id, guest_team_id, stadium_id, home_team_scored, guest_team_scored) values
(1, 1, 3, 1, 2, 1),   -- Барселона vs Реал на Камп Ноу
(2, 2, 6, 2, 1, 0),   -- МФК Тюмень vs ФК Машина на Центральном
(3, 3, 1, 3, 3, 2),   -- Реал vs Барселона на Сантьяго Бернабеу
(4, 4, 5, 4, 1, 1),   -- Спартак vs ЦСКА на Лужниках
(5, 5, 13, 4, 2, 0),  -- ЦСКА vs Динамо на Лужниках
(6, 6, 2, 5, 0, 2),   -- ФК Машина vs МФК Тюмень на Коробке
(7, 7, 9, 6, 3, 1),   -- Ливерпуль vs Манчестер Сити на Энфилде
(8, 8, 12, 9, 2, 2),  -- ПСЖ vs Манчестер Юнайтед на Парк де Пренс
(9, 9, 7, 10, 1, 0),  -- Манчестер Сити vs Ливерпуль на Этихаде
(10, 10, 11, 13, 2, 1), -- Зенит vs Ростов на Газпром Арене
(11, 11, 8, 14, 1, 2), -- Ростов vs ПСЖ на Ростов Арене
(12, 12, 8, 10, 0, 1), -- Манчестер Юнайтед vs ПСЖ на Этихаде
(13, 13, 4, 4, 2, 2), -- Динамо vs Спартак на Лужниках
(14, 14, 10, 14, 3, 1), -- Краснодар vs Зенит на Стадионе Краснодар
(15, 15, 14, 15, 1, 0); -- Рубин vs Краснодар на Казань Арене

insert into players_teams (player_id, team_id, valid_from, valid_to) values
(1, 2, '2012-07-01', '2014-06-30'),
(1, 6, '2024-11-01', '9999-12-31'),
(2, 6, '2024-09-01', '9999-12-31'),
(3, 4, '2012-07-01', '2020-06-30'),
(3, 6, '2025-09-01', '9999-12-31'),
(4, 3, '2018-07-01', '9999-12-31'),
(5, 1, '2023-07-01', '9999-12-31'),
(6, 9, '2022-07-01', '9999-12-31'),
(7, 1, '2004-10-16', '2021-08-05'),
(7, 8, '2021-08-06', '2023-06-30'),
(8, 8, '2018-07-01', '9999-12-31'),
(9, 5, '2015-07-01', '9999-12-31'),
(10, 13, '2010-07-01', '9999-12-31'),
(11, 10, '2018-07-01', '2022-06-30'),
(11, 4, '2022-07-01', '9999-12-31'),
(12, 4, '2018-07-01', '2023-06-30'),
(12, 5, '2015-07-01', '2018-06-30'),
(13, 7, '2017-07-01', '9999-12-31'),
(14, 3, '2009-07-01', '2022-06-30'),
(14, 11, '2022-07-01', '9999-12-31'),
(15, 12, '2020-01-30', '9999-12-31'),
(1, 4, '2014-07-01', '2024-10-31'),
(2, 5, '2021-07-01', '2024-08-31'),
(3, 2, '2020-07-01', '2025-08-31'),
(4, 1, '2017-07-01', '2018-06-30'),
(5, 7, '2022-07-01', '2023-06-30'),
(6, 11, '2020-07-01', '2022-06-30'),
(9, 13, '2013-07-01', '2015-06-30'),
(10, 4, '2008-07-01', '2010-06-30'),
(11, 14, '2014-07-01', '2018-06-30'),
(13, 9, '2014-07-01', '2017-06-30');

-- Наполнение таблицы trainers_teams (тренеры-команды)
insert into trainers_teams (trainer_id, team_id, valid_from, valid_to) values
-- Барселона (team_id 1)
(1, 1, '2024-07-01', '9999-12-31'), -- Ханси Флик
(7, 1, '2020-07-01', '2024-06-30'), -- Арне Слот
(3, 1, '2013-07-01', '2020-06-30'), -- Карло Анчелотти
(9, 1, '2008-07-01', '2013-06-30'), -- Пеп Гвардиола

-- МФК Тюмень (team_id 2)
(2, 2, '2021-07-01', '9999-12-31'), -- Денис Абышев
(6, 2, '2015-07-01', '2021-06-30'), -- Шота Меликидзе
(16, 2, '2014-07-01', '2015-06-30'), -- Валентин Спивак

-- Реал (team_id 3)
(3, 3, '2023-07-01', '9999-12-31'), -- Карло Анчелотти
(8, 3, '2013-07-01', '2023-06-30'), -- Луис Энрике

-- Спартак (team_id 4)
(4, 4, '2024-05-01', '9999-12-31'), -- Деян Станкович
(5, 4, '2019-07-01', '2024-04-30'), -- Владимир Федотов
(17, 4, '2016-07-01', '2019-06-30'), -- Алексей Мишин

-- ЦСКА (team_id 5)
(5, 5, '2022-07-01', '9999-12-31'), -- Владимир Федотов
(10, 5, '2015-07-01', '2018-06-30'), -- Сергей Семак
(16, 5, '2011-07-01', '2015-06-30'), -- Валентин Спивак

-- ФК Машина (team_id 6)
(6, 6, '2021-07-01', '9999-12-31'), -- Шота Меликидзе
(2, 6, '2017-07-01', '2021-06-30'), -- Денис Абышев
(16, 6, '2015-07-01', '2017-06-30'), -- Валентин Спивак

-- Ливерпуль (team_id 7)
(7, 7, '2024-05-01', '9999-12-31'), -- Арне Слот
(9, 7, '2013-07-01', '2024-04-30'), -- Пеп Гвардиола

-- ПСЖ (team_id 8)
(8, 8, '2023-07-01', '9999-12-31'), -- Луис Энрике
(1, 8, '2019-07-01', '2023-06-30'), -- Ханси Флик
(3, 8, '2016-07-01', '2019-06-30'), -- Карло Анчелотти

-- Манчестер Сити (team_id 9)
(9, 9, '2016-07-01', '9999-12-31'), -- Пеп Гвардиола
(12, 9, '2013-07-01', '2016-06-30'), -- Рубен Аморим

-- Зенит (team_id 10)
(10, 10, '2018-07-01', '9999-12-31'), -- Сергей Семак
(13, 10, '2015-07-01', '2018-06-30'), -- Марцел Личка
(17, 10, '2013-07-01', '2015-06-30'), -- Алексей Мишин

-- Ростов (team_id 11)
(11, 11, '2017-07-01', '9999-12-31'), -- Валерий Карпин
(16, 11, '2015-07-01', '2017-06-30'); -- Валентин Спивак
